model,r_squared,adj_r_squared,aic,bic
without_category,0.2921857574203114,0.29158233521862365,11166.261026322081,11190.929299035446
with_category,0.704135105505072,0.7031236015922688,8111.22289345892,8191.394779777356
