metric,value
count,10523.0
mean,1801.6698527036017
median,979.0
min,15.0
max,39999.0
range,39984.0
variance,8827423.689770449
std_dev,2971.0980612848257
q1,149.0
q3,1940.0
iqr,1791.0
