,coefficient,p_value,conf_low,conf_high
Intercept,6.883593213231402,0.0,6.600845793004904,7.166340633457899
rating,0.06487460894929706,0.03302518693122566,0.0052316222095462744,0.12451759568904784
log_review_count,-0.6471775776537941,3.5246118069716017e-253,-0.6814912126513889,-0.6128639426561994
days_since_start,-0.009536373313987696,1.100494765295754e-09,-0.012596171352973917,-0.006476575275001474
